{"average":{"emotion": { "confused": 0.150730247, "sad": 0.181984433, "happy": 0.4271144, "disgust": 0.0610446, "calm": 0.2137910, "angry": 0.1225244, "surprised": 0.1313894 },"race": { "asian": 0.6653189, "indian": 0.6423294, "white": 0.6101583 },"beauty":0.2193337,"age":26.9872}}
